Country Name,Country Code,broadband_subscriptions,capital_formation,credit_to_private_sector,fdi_inflows,gdp_growth,high_tech_exports,ict_imports,inflation_rate,internet_usage_rate,labor_productivity,market_capitalisation,rd_expenditure,real_interest_rate,secure_servers_density,stock_market_liquidity,tertiary_enrollment,Income Group
Afghanistan,AFG,0.0800873028793967,15.2435765521019,3.09659808966059,0.144466946606861,2.26694373649188,0.0,2.07,-6.60118564073725,16.09499931,10810.3819482136,19.3294215119713,0.22201,12.1411782956513,41.0575140034026,0.307964508763167,10.85435962677,Low income
Albania,ALB,24.8815713356962,24.3552461083467,34.126089863133,6.32349466068578,4.04592845095348,1.52935344981595,0.21,2.21587375089991,85.86389923,45524.5454675641,46.000353126090864,0.19997,3.996116578401,1512.74983930188,23.542281764170973,84.1496200561523,Upper middle income
Algeria,DZA,13.3173088877016,35.1978539491642,19.0341413218985,0.455370730483787,3.69999999907979,0.960396672710236,4.87,4.04611455313434,77.4178009,61189.0573634739,0.190907251680752,0.44395,4.47402521317597,119.343855301674,23.542281764170973,54.4283410150344,Upper middle income
American Samoa,ASM,33.2862552985842,22.253515787122474,80.29858548433496,-10.248023149210306,1.73501577287065,18.72486896696065,7.4332355864194035,2.377927165352188,90.14943131255693,114650.04725444871,88.88169552269352,1.6938194827586206,2.785426538579276,513.204319469689,42.52544933085052,70.22741877743557,High income
Andorra,AND,52.3554394786302,22.253515787122474,80.29858548433496,6.64266743694098,3.37182032638998,21.4346319155008,5.89,2.377927165352188,94.39759827,114650.04725444871,88.88169552269352,0.15818,2.785426538579276,17623.0808660206,42.52544933085052,67.6767676767677,High income
Angola,AGO,0.362845240712436,10.3941219963068,7.31668036665318,-1.0986881170909,4.42390664406875,16.6897206933082,3.3,28.2404948915772,40.70479965,24845.8137735601,29.275103729502298,0.03229,-4.17755819878416,48.5141563014729,7.1222559820276485,9.9549065722902,Lower middle income
Antigua and Barbuda,ATG,10.6818181818182,22.253515787122474,38.5522100446786,11.1314252318887,3.65638765956977,0.0,3.58,6.19886698842115,72.73040009,114650.04725444871,88.88169552269352,1.6938194827586206,0.324776917260695,970.438936996118,42.52544933085052,70.22741877743557,High income
Argentina,ARG,26.0976420359532,15.9035666572482,15.1176778381075,1.82409522925391,-1.34293072157739,3.85019697474113,7.95,219.883929014578,89.66715228,59453.738230398,8.35147499068672,0.60111,-47.4304580263773,5453.43428098629,0.178401593424374,107.822574129434,Upper middle income
Armenia,ARM,20.3090953111129,21.3550447611018,64.3799433173924,0.506878336560983,5.90000000046228,23.6403270515259,9.05,0.269511978259125,81.33930206,47368.5514514897,18.6746236710281,0.2861,11.5859080483725,1735.28926982034,0.008167896386994,52.7748065090859,Upper middle income
Aruba,ABW,17.4862221892338,22.253515787122474,56.711929646071,2.42051208397071,6.81077669324542,6.86800836378335,4.23,4.25746204335427,97.17,114650.04725444871,88.88169552269352,1.6938194827586206,-1.22215389191863,1574.14695124774,42.52544933085052,14.0655418559377,High income
Australia,AUS,36.4788276060473,24.0919767539482,129.317349651589,3.03883928325354,1.37340773365975,25.1586416457084,8.52,3.16656665428797,96.13140106,114528.043332503,98.8664833716782,1.85783,1.56982320729507,44295.1916570222,48.108216784871,108.421989440918,High income
Austria,AUT,30.12779672163,23.5479112127244,81.7652651021229,2.55351579610657,-0.659089573171372,18.4525766859019,6.33,2.93791574279375,91.92573373,129651.403205036,22.5848776685147,3.25517,2.785426538579276,47132.0383936251,5.64782238061923,92.6126708984375,High income
Azerbaijan,AZE,21.7534102440295,16.7969003538156,26.3946919312989,0.311206693209432,4.07140205008956,2.91095088102775,4.54,2.21217188919901,90.80000181,46821.2246296206,2.20049866626562,0.20778,16.3088883325338,541.026362293599,0.009621092791502,41.3413783372226,Upper middle income
"Bahamas, The",BHS,25.2679530406222,25.7497094638977,51.9421929315119,1.51932088638775,3.37866553336166,0.0,3.01,0.409162489083286,92.47270203,65603.5991515248,88.88169552269352,1.6938194827586206,3.95018544385138,6354.61756416295,42.52544933085052,70.22741877743557,High income
Bahrain,BHR,16.9915789748788,28.9384002214251,80.29858548433496,5.73694505846498,2.60379670648454,0.387343644517371,3.91,0.919635459817651,100.0,103794.323618736,43.3193697641238,0.19327,2.785426538579276,7064.39978094884,1.70177143167451,58.3677241853667,High income
Bangladesh,BGD,8.08931134401926,30.7004900245244,35.8111715787963,0.283870773350074,4.22325911250161,0.539452073551698,4.164651162790698,10.4657482763412,53.42171316,20762.8156602916,19.537401350526,0.28836375,2.77841137840799,527.061270034326,2.84024396397186,23.7295608009814,Lower middle income
Barbados,BRB,37.4843261853654,22.253515787122474,59.7307730097207,4.04185101459713,2.4822621396186,19.9263557583818,3.88,1.44643664306159,70.36470032,43410.0423192929,51.4223097622548,1.6938194827586206,9.41853521201908,1171.81830089887,0.0036990021101125,50.801079116886,High income
Belarus,BLR,36.2627055164488,23.8001790850118,29.1729868961267,2.28598440253164,4.00984852465452,6.01576846359853,3.61,5.78531910427998,94.26182128,56813.3564432712,7.91343124955594,0.5872,1.12514415541048,12729.5218058239,0.0212475034673389,70.1107509145358,Upper middle income
Belgium,BEL,44.2321563183446,24.2476765830721,68.0983723586982,-6.1601989579997,1.07045413019414,20.3921453422236,3.24,3.14349136500041,95.77579144,146630.39384677,59.1725980275377,3.27235,2.785426538579276,36731.8766702,42.52544933085052,82.1475601196289,High income
Belize,BLZ,9.75385677359442,21.1340516722302,41.2775860732497,4.00992513639046,3.50466435023895,0.0001910876991115,2.6,3.28955985952768,80.00582262,33118.8088836397,46.000353126090864,0.48109393939393935,6.91843305520634,464560.075958108,23.542281764170973,24.8098643151325,Upper middle income
Benin,BEN,0.277382047807868,34.6655509408179,39.17558244359828,2.5276563137227,7.45311566226201,30.5389584270212,1.58,1.16093089640415,33.98379898,8897.28685841584,29.275103729502298,0.28836375,4.55750151392328,20.3972640285468,7.1222559820276485,10.2350101470947,Lower middle income
Bermuda,BMU,51.3026796212637,10.9469762606134,80.29858548433496,1.27620852105354,5.97253260071749,14.3007432825453,2.4,2.377927165352188,98.37,114650.04725444871,20.8798301854098,0.22546,2.785426538579276,4347.42248901541,0.121837636458153,17.3357105255127,High income
Bhutan,BTN,2.92069476099272,44.6066544838727,68.394271253229,0.338339566584512,4.63215704523927,0.0107261524845822,4.164651162790698,2.76131569624097,91.27739716,29545.9263306656,29.275103729502298,0.09979,5.61175529457669,1339.18870432229,7.1222559820276485,13.011259392916,Lower middle income
Bolivia,BOL,12.0711429622144,16.608811759145,59.2427794669511,0.652112801170427,-1.12335595517212,8.79395083358911,2.49,5.09976568317427,79.70469666,21296.2352266882,29.275103729502298,0.06308,2.60077611054795,364.447369618833,7.1222559820276485,24.818969647118575,Lower middle income
Bosnia and Herzegovina,BIH,29.3909178564419,24.4669748531952,48.267377161079,3.39024835333872,2.9715174617652,6.16317357059664,2.39,1.69212733599723,86.10091103,53676.4758343711,46.000353126090864,0.21437,0.303930251834686,5554.23349523568,23.542281764170973,45.5027618408203,Upper middle income
Botswana,BWA,7.4409622000215,28.2893193159531,32.9279208188927,2.40833479893043,-2.98986879467928,0.539469030954736,2.5,2.81835131676251,57.45950036,50958.19575659,20.0898734168511,0.48109393939393935,3.3846908835609,471.215589461747,0.53112907259297,21.4087908549348,Upper middle income
Brazil,BRA,24.079199344422,16.9093613196902,75.6308730939542,3.38960802616211,3.41931516597739,11.1103644206652,6.13,4.36746407652336,84.46347227,41441.0405993743,30.1448139796022,1.1938,34.7285151444461,6941.17408045006,41.6161684755719,69.7317733764648,Upper middle income
British Virgin Islands,VGB,24.9119606799929,22.253515787122474,80.29858548433496,-10.248023149210306,2.827305978218717,18.72486896696065,7.4332355864194035,2.377927165352188,77.7042682926829,114650.04725444871,88.88169552269352,1.6938194827586206,2.785426538579276,1443008.79126447,42.52544933085052,29.5605306799337,High income
Brunei Darussalam,BRN,21.1771240120937,27.6977511976314,37.7096482475039,0.189449066349964,4.05251709306727,1.06433459453488,1.53,-0.38867416503646,96.29828801,163274.360932634,88.88169552269352,0.27764,8.58680341460459,16128.509404155,42.52544933085052,36.4182725443167,High income
Bulgaria,BGR,37.0235717545079,18.3125447926031,47.067902488525,3.1312025090285,3.38709063847314,13.4299683659831,4.8,2.44651943006078,82.438955,74220.9073928333,7.42299355979162,0.79224,-2.48913081817616,50750.6030113542,0.16137690536978,69.5460433959961,High income
Burkina Faso,BFA,0.851360416490348,17.1648896381461,27.1571923411989,0.358681465803854,4.79980951667159,1.64548901950889,3.08,4.19081721344523,28.25270081,6470.85224017173,19.3294215119713,0.10477,6.13021813204196,28.8337642615132,0.307964508763167,10.0419678526515,Low income
Burundi,BDI,0.0203441336211462,19.542756224681025,37.0565348460861,1.08105925624791,4.11227376264944,1.30508367041098,1.91,20.2124925027847,8.595999718,2444.22745706811,19.3294215119713,0.21312,-6.52263211667207,10.6066536036355,0.307964508763167,6.38454008102417,Low income
Cabo Verde,CPV,8.30537440200276,22.565574471616195,54.3788465531014,4.03361601888808,7.24388538990945,1.15215005835922,3.32,1.0481698336865,74.73519897,26322.1641283167,46.000353126090864,0.48109393939393935,6.10758050034173,857.34372052881,23.542281764170973,24.2905954414767,Upper middle income
Cambodia,KHM,4.14566160137529,31.5853497927725,124.659765749466,9.48089832015712,5.97510939607335,5.26214140574212,1.04,0.808042016536654,68.47530365,12150.183075401,29.275103729502298,0.28836375,2.9678599520017483,817.289111657873,7.1222559820276485,21.4437426836662,Lower middle income
Cameroon,CMR,2.12862474053,18.181902575179,14.0910928751244,1.66655391243674,3.52472308052245,2.10363029161033,4.4,4.53331349711606,46.25880051,13292.6834844114,29.275103729502298,0.28836375,2.9678599520017483,25.168467350901,7.1222559820276485,16.6614294830602,Lower middle income
Canada,CAN,42.5238215177079,22.5959576167528,80.29858548433496,2.81029565355294,1.55479521049516,16.7779029827711,6.75,2.38158383281173,94.353302,110184.232706304,150.402111872218,1.7908,0.125752246427379,39712.7546032744,95.8256788477537,76.2666931152344,High income
Cayman Islands,CYM,56.3604363676998,22.253515787122474,80.29858548433496,166.996362350542,5.8155918263088,85.5232283869582,4.27,-0.62525835861814,81.0676932508161,114650.04725444871,11.3930895585267,1.6938194827586206,2.785426538579276,26673.1133405858,0.0229870505743802,70.22741877743557,High income
Central African Republic,CAF,0.0160846160651184,15.1358985879924,13.0385826544527,1.46851186564355,1.49999999847535,8.29978042191414,5.91,1.47733600718743,13.78250027,3165.77793079017,19.3294215119713,0.22201,7.938927630126774,1.68833678191754,0.307964508763167,11.333478859800682,Low income
Chad,TCD,0.0,14.9015216339142,8.32290954891334,5.2230945466515,4.19925854085865,2.7044318859632672,2.751764705882353,8.89950732263754,12.62689972,7586.52855467393,19.3294215119713,0.23294,7.938927630126774,1.23158030029179,0.307964508763167,4.39665967267065,Low income
Channel Islands,CHI,33.2862552985842,22.253515787122474,80.29858548433496,-10.248023149210306,3.71500590367266,18.72486896696065,7.4332355864194035,2.377927165352188,90.14943131255693,114650.04725444871,88.88169552269352,1.6938194827586206,2.785426538579276,60881.69246705591,42.52544933085052,70.22741877743557,High income
Chile,CHL,23.731405742065,23.4893507192449,104.043835473929,3.79129110936144,2.64431154871538,8.31650307450688,5.5,4.29763891572524,95.590243,63924.4289658656,79.3329036867525,0.39205,2.54731216179178,11912.6095617298,8.87400733637778,110.176902770996,High income
China,CHN,47.1933952081567,39.8697027685165,194.165996844811,0.0989988051182737,4.9773565917572,26.2777380479223,22.14,0.218128938439177,91.6,45841.7963646181,62.7181039133864,2.57729,5.09321925687914,1413.32103124612,186.054420557923,76.8757843123403,Upper middle income
Colombia,COL,17.2244156778185,16.5945382423245,39.5325760607283,3.26725954832527,1.5983315366523,9.02469704912672,9.62,6.60908593728228,79.34543299,40362.5120192748,17.3434816885955,0.2894,9.78943442272303,1126.20714719974,1.17820823727721,59.2901382446289,Upper middle income
Comoros,COM,0.387941019794517,11.7339416915408,17.1170357642363,0.492716315085539,3.3381010943571,3.13907204820087,3.01,5.05192609588218,32.51750183,10396.0697637574,29.275103729502298,0.28836375,2.70778302353403,16.1545668960615,7.1222559820276485,18.8190281456697,Lower middle income
"Congo, Dem. Rep.",COD,0.0320289131404702,32.5422682705268,11.2863136949008,4.10789956662809,6.12675551779212,0.199611665225369,2.4,2.88585107289988,19.67350006,4822.00315446869,19.3294215119713,0.22201,-3.52629476314924,9.66358065038185,0.307964508763167,6.37987995147705,Low income
"Congo, Rep.",COG,1.26798412068153,26.5393398661499,13.7900478506587,3.83980276481754,2.57966943921721,3.15972234574724,1.55,3.09143630919166,47.25159836,19097.9950548019,29.275103729502298,0.38339,2.9678599520017483,16.5799220933146,7.1222559820276485,10.3812103271484,Lower middle income
Costa Rica,CRI,23.287699004466,15.8255239777781,51.961123719959,5.55680052586902,4.32122429646145,22.8587994049653,7.11,-0.412853001047069,87.17019653,61875.0231438471,3.22348803495399,0.33738,7.28433911155081,1999.84015314109,0.0631249437774248,55.0202903747559,High income
Cote d'Ivoire,CIV,1.60153227430253,19.7219893709546,39.17558244359828,3.58346670744132,6.01953461940062,5.25759412069948,2.77,3.45053028131018,41.43219902,17398.987858472,11.6319843905098,0.06975,6.55213666931005,60.7498599465213,0.268294083446005,12.3354902267456,Lower middle income
Croatia,HRV,29.5997367962687,25.2027496420771,46.8609410119769,4.87780112464328,3.82688702890739,11.6739199311189,3.55,2.97200477643618,83.63240029,100036.093723699,29.9157239325906,1.38621,2.785426538579276,29458.6415601883,0.3045368855055,81.1775207519531,High income
Cuba,CUB,3.08297531927544,12.7563522251456,49.59704076030051,3.4240915372491356,-1.06173273220524,7.87558913182664,6.272045454545455,9.032601938825806,70.47699738,47394.254131497,46.000353126090864,0.43839,4.600266996750749,192.535681260732,23.542281764170973,43.1040700506779,Upper middle income
Curacao,CUW,31.5126707545287,34.0473569436101,80.29858548433496,4.347105970852,5.02690000000014,18.72486896696065,7.4332355864194035,2.62220783425058,68.1272162511339,114650.04725444871,88.88169552269352,1.6938194827586206,2.785426538579276,5071.58565594004,42.52544933085052,70.22741877743557,High income
Cyprus,CYP,37.5627069536424,20.5485311273581,56.6577631532363,-133.824278977736,3.94077381708404,18.0329234506901,3.81,1.80023018624815,89.60099246,70318.1942468984,29.0384363308674,0.68145,2.785426538579276,221297.933713323,0.407604363384026,120.87727355957,High income
Czechia,CZE,38.8656371139002,26.4879424582154,48.0273753411926,3.76083530894919,1.23308611983484,22.4045215279558,16.72,2.43531202435314,87.68776014,96011.8930320909,9.9762886985348,1.83369,0.776963848316288,79335.8806598204,1.04036761392615,66.7282867431641,High income
Denmark,DNK,43.3933280824544,23.3320384051141,144.062236896793,4.29658848924698,3.47783593140312,17.6194498489345,6.89,1.37220049768925,99.76915157,137639.68530386,88.88169552269352,3.04841,2.785426538579276,246545.586810222,42.52544933085052,78.9604110717773,High income
Djibouti,DJI,1.47205761945073,24.1649469069389,23.1025276600186,1.63337101411676,6.98048467276334,3.27550022198031,4.164651162790698,2.1120116728497,65.29889679,41264.4546568382,29.275103729502298,0.28836375,2.9678599520017483,114.655153235757,7.1222559820276485,24.818969647118575,Lower middle income
Dominica,DMA,20.86014425523,22.565574471616195,39.3862299594619,8.70431929375585,2.052738472526,2.88328233207454,6.272045454545455,2.56921890367725,82.04689789,47394.254131497,46.000353126090864,0.48109393939393935,3.36937431731501,62865.3424967903,23.542281764170973,52.60999624279,Upper middle income
Dominican Republic,DOM,11.2045645451604,26.1210921622134,31.9220864876323,3.6013993607877,4.95352204492849,7.68868351413961,2.87,3.30223338951227,91.0022446,53911.1123091322,46.000353126090864,0.48109393939393935,10.5315509404639,180.878555232759,23.542281764170973,57.6509476207267,Upper middle income
Ecuador,ECU,17.246394056997,18.4101486634308,56.1805159157774,0.355365031150455,-2.00125476341026,9.99836390672699,5.8,1.54732515615369,77.17273115,29604.5308592121,46.000353126090864,0.48109393939393935,4.600266996750749,490.861062498601,23.542281764170973,67.8851161961618,Upper middle income
"Egypt, Arab Rep.",EGY,11.6871225241757,11.6981379076204,27.5692279729149,11.9719350883142,2.3991692678251,3.81290087814207,2.55,28.2705899322082,74.64839935,59440.8082144077,10.9482675534796,1.01757,-7.03099094109377,82.2047640355153,5.21726074209017,38.0398346509947,Lower middle income
El Salvador,SLV,12.4640729621203,22.1882903303157,62.4875657227945,2.61241857793703,2.60202016121069,5.47333119441725,5.38,0.853782292567288,66.47769928,25908.0464718549,46.000353126090864,0.10152,4.600266996750749,191.221693627821,23.542281764170973,32.8347079463918,Upper middle income
Equatorial Guinea,GNQ,0.10069058437688,9.07181309458443,5.90842492713663,1.47277889961866,0.907248245986736,11.040490702600541,6.272045454545455,2.92140227309103,63.29930115,44117.9180700146,46.000353126090864,0.48109393939393935,4.600266996750749,66.5780368567558,23.542281764170973,52.60999624279,Upper middle income
Eritrea,ERI,0.165393390775689,19.542756224681025,13.230568218637636,3.7425430963412447,3.5201140866674123,2.7044318859632672,2.751764705882353,18.61965671931187,14.34939957,7662.032893999117,19.3294215119713,0.22201,7.938927630126774,1.97986029540081,0.307964508763167,3.20262002944946,Low income
Estonia,EST,35.3527186879385,23.8965498272625,60.5354220304166,-7.97097840452121,-0.0900428648493801,18.382980141257,6.13,3.5194118998392,92.23796204,80735.320538645,88.88169552269352,1.83878,2.785426538579276,139022.298393767,42.52544933085052,65.6692276000977,High income
Eswatini,SWZ,2.5065536335855,16.0703120268798,21.6231408755943,1.55448906259813,2.97391075973985,0.285307158606886,2.73,2.59801620311077,63.40309906,46542.5338907203,29.275103729502298,0.28836375,9.39270668201632,116.669965610522,7.1222559820276485,24.818969647118575,Lower middle income
Ethiopia,ETH,0.593917449513598,20.5754723153175,55.2254040946739,2.68582028016447,7.61277447511073,3.75062055802087,3.36,21.037746057771,21.94129944,7172.66580809974,56.16202608388347,0.27437,-89.4708018720893,23.7316790056127,24.615273346692273,48.394340771260765,Middle income
Faroe Islands,FRO,34.5873988631945,22.253515787122474,80.29858548433496,-10.248023149210306,0.843716851362103,18.72486896696065,7.4332355864194035,2.377927165352188,97.5819589384468,114650.04725444871,88.88169552269352,1.6938194827586206,2.785426538579276,11411.6420694574,42.52544933085052,70.22741877743557,High income
Fiji,FJI,1.80009560888215,22.565574471616195,115.346328808796,3.41161017865705,3.53085896076352,2.99874841417736,4.13,3.89084237884105,74.7052002,34428.3497317922,46.000353126090864,0.48109393939393935,-1.45418747666566,221.795379765371,23.542281764170973,75.0089752283697,Upper middle income
Finland,FIN,36.4765341417867,21.9949775875751,92.0344393994847,2.92666706920425,0.416171964862073,9.28522659633957,5.73,1.56568906231615,93.72405196,119913.019988869,88.88169552269352,3.0938,2.785426538579276,177933.600727841,42.52544933085052,110.304496765137,High income
France,FRA,48.9251978969333,22.096846539157,107.58266062477,1.64700185498585,1.19046798275883,23.1371073769038,5.35,1.99904942291462,88.65381638,127331.963264779,85.0578939321398,2.17832,2.785426538579276,57274.6363971705,42.52544933085052,71.5346908569336,High income
French Polynesia,PYF,35.5533975056738,21.9053653809211,80.29858548433496,-0.219284661446365,1.12638897730247,1.92522086808869,4.49,2.377927165352188,72.7038953132942,114650.04725444871,88.88169552269352,1.6938194827586206,2.785426538579276,2771.40028459194,42.52544933085052,70.22741877743557,High income
Gabon,GAB,4.6941021334787,19.1352290512735,13.3764779657931,5.47750591310442,3.39403899592401,1.77313570365975,6.272045454545455,1.17311998381218,68.72090149,72658.8844625523,46.000353126090864,0.48109393939393935,4.600266996750749,87.0437881456601,23.542281764170973,52.60999624279,Upper middle income
"Gambia, The",GMB,0.518552979215852,29.9390742710396,9.40397496277796,9.66186331873299,5.55126069510321,3.34757896376015,0.87,11.5610532897511,49.49430084,11518.1758517723,19.3294215119713,0.06933,15.3152950102071,58.6959073735103,0.307964508763167,13.4765901565552,Low income
Georgia,GEO,30.4157660721649,21.3178430978306,68.288927581665,4.68837813919395,9.67979387500691,3.78381539474497,5.13,1.10971758022096,83.79855689,55209.4484289924,46.000353126090864,0.26435,9.61108446916075,5454.97744729977,23.542281764170973,89.4861221313477,Upper middle income
Germany,DEU,45.6069242965787,20.4603173503166,77.253484574492,1.01586176558023,-0.495851897260366,17.9772990379432,7.48,2.2564981433876,93.49999579,123471.847647958,43.6283922696023,3.1539,2.785426538579276,152113.844011812,19.7199823641712,76.7096862792969,High income
Ghana,GHA,0.664728986034211,9.85797271154309,9.03066314422754,2.14505298599888,5.59045469593266,2.11003762211445,2.47,22.8483281157842,72.17569733,19154.8754534753,9.20351586791595,0.28836375,2.9678599520017483,48.9145074910361,0.0954097957434273,21.330810546875,Lower middle income
Gibraltar,GIB,60.9747666781887,22.253515787122474,80.29858548433496,-10.248023149210306,2.827305978218717,18.72486896696065,7.4332355864194035,2.377927165352188,94.4444715818151,114650.04725444871,88.88169552269352,1.6938194827586206,2.785426538579276,8187.34267334537,42.52544933085052,70.22741877743557,High income
Greece,GRC,44.6759828527928,16.0395231559948,48.5410004453358,2.6312519942121,2.0865743380603,15.011494857431,3.97,2.74101875679477,86.26968886,91704.636120514,32.469395361302,1.4943,2.785426538579276,15657.9434729048,9.06818125589741,165.113418579102,High income
Greenland,GRL,31.9842829076621,34.6866559913434,80.29858548433496,-10.248023149210306,0.865961986998158,1.70924920520931,3.67,2.377927165352188,69.4824617821988,114650.04725444871,88.88169552269352,1.6938194827586206,2.785426538579276,3905.97508621296,42.52544933085052,70.22741877743557,High income
Grenada,GRD,29.767433903843,22.565574471616195,54.851357115475,11.9486288193338,3.96332516398188,6.4434446202485,3.51,1.08615365134737,70.16159821,47394.254131497,46.000353126090864,0.48109393939393935,8.24766359660216,742.276485192864,23.542281764170973,99.9891967773438,Upper middle income
Guam,GUM,1.8392057149776,22.253515787122474,80.29858548433496,-10.248023149210306,5.09986426216793,18.72486896696065,7.4332355864194035,2.377927165352188,80.5054655600831,114650.04725444871,88.88169552269352,1.6938194827586206,2.785426538579276,1299.34377179232,42.52544933085052,70.22741877743557,High income
Guatemala,GTM,5.33792153027114,16.1138303325026,36.7834860946182,1.63251851384265,3.65186382894819,5.39604303984542,5.82,2.86992752918294,60.22140121,31773.9615573574,46.000353126090864,0.00609,8.42792235239029,109.147061621475,23.542281764170973,27.2948879201171,Upper middle income
Guinea,GIN,0.0062752856838037,33.1775583630348,10.6668743226748,5.60537419672227,5.35004659051708,0.899971742078623,1.63,8.12313914948596,33.30469894,13569.4228682701,29.275103729502298,0.28836375,2.9678599520017483,12.2672068756,7.1222559820276485,24.818969647118575,Lower middle income
Guinea-Bissau,GNB,0.386080917545218,24.1142464088152,13.230568218637636,1.20132689112583,4.14631137217332,2.7044318859632672,2.751764705882353,3.76555825770114,29.77739906,7111.82538456205,19.3294215119713,0.22201,2.50906461852061,10.9023908943231,0.307964508763167,11.333478859800682,Low income
Guyana,GUY,12.9356394612219,22.253515787122474,14.9511094173483,34.9900722943113,43.8193108024355,13.3341087055182,0.96,2.90395226446373,83.00080109,204862.152410945,88.88169552269352,1.6938194827586206,6.9220971861463,175.673545609545,42.52544933085052,26.4315792489043,High income
Haiti,HTI,0.306790757611135,9.93936193656659,4.11425205774259,0.0792936453462934,-4.16963395808132,7.435629870116722,4.164651162790698,26.9490564091987,47.8614006,7475.07929518761,29.275103729502298,0.28836375,-13.1530212648201,7.72984152890489,7.1222559820276485,24.818969647118575,Lower middle income
Honduras,HND,4.57914834722512,23.9265010808856,78.22344042274,3.52903749551745,3.55397003296669,3.87334759570957,4.99,4.60621098127107,58.62269974,17639.3300828309,29.275103729502298,0.05997,10.3691964513557,148.812506679705,7.1222559820276485,23.3177890777588,Lower middle income
"Hong Kong SAR, China",HKG,40.2724025338679,16.285061166693,231.037771669122,30.924624334882,2.50498758466826,75.5706908349979,57.16,1.72972119105914,95.75536971,134063.942695606,1118.24283021772,1.12597,1.8447519519632,156139.206017995,736.497658887638,120.08978583196,High income
Hungary,HUN,37.542262483936,23.0580056906236,32.3844864230851,-27.9229280333136,0.560117843140432,22.5745118826045,10.01,3.70370370370369,93.77898628,82049.7442409137,18.6520604947614,1.37748,1.44506157114937,55077.4335878286,3.3114714894299,60.5168685913086,High income
Iceland,ISL,37.5242757933482,26.6450896088268,90.8919012460018,8.51889361391957,-0.970676468918384,53.9722930663779,5.84,5.85683849970066,98.209198,112976.836517053,88.88169552269352,2.64005,6.07212187141286,88084.0142197016,42.52544933085052,76.5200729370117,High income
India,IND,3.15046250037677,29.8962309444631,40.021522481888,0.694133152879562,6.49476552383821,18.5723946411049,7.64,4.95303550973656,70.0,24430.1179611995,131.241426662713,0.64558,2.52131544946588,1212.44166069372,85.6143773046544,34.4465039692543,Lower middle income
Indonesia,IDN,4.92196685438436,29.1455857193679,36.3924507638113,1.73855500774354,5.03034469419038,8.7110437578916,8.5,2.18151273615189,72.78075544,29216.7169984951,54.4173527585098,0.28068,7.83418010229542,2939.49021766292,10.3846171885156,44.8813034886441,Upper middle income
"Iran, Islamic Rep.",IRN,12.0603874696566,28.1071602327718,57.8313383703997,0.304914200880697,3.66312056830718,0.814007923197325,4.92,32.455871402917,85.3404007,59472.0591150453,36.1036982043075,0.72665,3.4497687580534,7225.71087209777,3.96023508935466,58.6838607788086,Upper middle income
Iraq,IRQ,17.6333290365333,19.4223897234495,13.9914475902598,-2.73525447039729,-1.54525198318304,11.040490702600541,6.272045454545455,-12.2969837587007,81.47450256,57001.6289941818,46.000353126090864,0.0407,4.600266996750749,34.5119560905403,23.542281764170973,52.60999624279,Upper middle income
Ireland,IRL,32.3023693358176,17.3480143254281,23.7845375555383,0.791076186083952,2.59946721553708,53.5184328432158,11.33,2.11344999577317,97.18769836,234912.810321618,27.8321999565424,1.58829,2.785426538579276,121467.84808156,8.10635556989464,77.5933380126953,High income
Isle of Man,IMN,33.2862552985842,22.253515787122474,80.29858548433496,-10.248023149210306,-4.16539345213232,18.72486896696065,7.4332355864194035,2.377927165352188,90.14943131255693,114650.04725444871,88.88169552269352,1.6938194827586206,2.785426538579276,21364.0684410646,42.52544933085052,70.22741877743557,High income
Israel,ISR,29.1837101461688,22.690494387869,69.7549689127585,2.73472411141711,0.871968424377442,37.2335173751738,9.27,3.07480889805025,88.18242225,103283.707937396,61.2313498302187,6.34589,-1.88413919586166,12353.0237407764,8.59739382831403,56.2561111450195,High income
Italy,ITA,31.7807732477772,22.1523278072561,60.3701258499539,1.13001784266315,0.692676948440536,12.2827088504022,3.89,0.982373023061417,89.2207202,130388.06581365,88.88169552269352,1.37935,3.23429287161478,30647.1608155582,42.52544933085052,75.9496536254883,High income
Jamaica,JAM,15.981614377416,22.565574471616195,45.1288743422467,1.38581813054415,-0.535039063867487,2.64698979146794,2.67,5.41194447981659,90.10870361,20740.567765908,56.4593704261673,0.48109393939393935,6.8032632295611,191.957170656969,2.19202005865638,52.60999624279,Upper middle income
Japan,JPN,38.6312383711286,26.0840902660166,194.61139930369,0.401239653950032,0.104309021773304,17.5547415163067,11.27,2.73853681635241,85.54153081,84353.7909513892,156.685999360649,3.44125,1.06914440735818,32928.7580837326,183.34938823505,64.4907608032227,High income
Jordan,JOR,7.01801006087142,22.1629108047251,80.1570512555613,3.06387579665258,2.48889409603647,2.08415985427159,3.16,1.55659611283953,95.62244985,41201.0461840114,46.675635098739,0.69547,6.46242941233702,212.241523236292,2.82990666746892,35.9184001120427,Lower middle income
Kazakhstan,KAZ,15.3162031103353,24.3175818053134,27.2796795779653,0.678943746848058,4.99999999996936,42.19530029659,7.53,8.69082156104494,93.39167254,75823.7292373124,47.6981058726884,0.16242,4.600266996750749,6914.14394055021,0.156621232963367,52.8612860406142,Upper middle income
Kenya,KEN,3.04382666975517,17.5385919966115,31.7980848696513,0.385110027210407,4.72473994710138,3.15003013612034,3.59,4.48978854243448,34.97622513,14523.1653933295,12.4662831250609,0.81069,13.1396195265011,399.695610422168,0.340661048730505,10.4185962462804,Lower middle income
Kiribati,KIR,0.0349395619917037,25.4136675459885,39.17558244359828,2.62220169231084,5.26689747917099,2.29693114054698,3.85,2.45545072159028,89.44029999,22120.343930822917,29.275103729502298,0.28836375,2.9678599520017483,22.3018480798109,7.1222559820276485,4.96087980270386,Lower middle income
"Korea, Dem. People's Rep.",PRK,0.6133966877544516,19.542756224681025,13.230568218637636,3.7425430963412447,3.5201140866674123,2.7044318859632672,2.751764705882353,18.61965671931187,22.713363748875,7662.032893999117,19.3294215119713,0.22201,7.938927630126774,10.4155569475671,0.307964508763167,26.7206192016602,Low income
"Korea, Rep.",KOR,47.8014965507867,30.029371211707,160.347182678236,0.685857996519477,2.00361101838986,36.2582559366674,15.27,2.32174328643542,97.89563777,98258.5741422485,83.0488083580649,4.94352,0.634469260614762,11902.38307173,166.72813363741,111.853302001953,High income
Kosovo,XKX,16.794739438452392,31.6453904546408,60.7128307120946,7.67877491657097,4.5730971681166,11.040490702600541,6.272045454545455,1.61944994559476,89.4430319734879,47394.254131497,46.000353126090864,0.48109393939393935,5.07900884074454,12979.706081067625,23.542281764170973,52.60999624279,Upper middle income
Kuwait,KWT,1.01366418243269,16.7960728601071,91.9570581282983,0.383567812220823,-2.56011099967517,5.82777648932315,6.87,2.89855072463762,100.0,78380.2286379788,88.2998988274027,0.08954,5.94761491310289,384.296289580527,28.3309009352547,51.8967176944636,High income
Kyrgyz Republic,KGZ,7.79695655822307,23.9871003557033,23.1629552991392,4.03548948093475,9.04013556120012,10.6711117431705,5.03,4.99760701207323,92.0286026,18782.8898260507,29.275103729502298,0.05269,14.362771334286,1301.74076845492,7.1222559820276485,53.8761747562613,Lower middle income
Lao PDR,LAO,2.72021122524182,29.0076540961796,39.17558244359828,5.98958863567394,4.13019264436937,7.41963729583454,3.91,23.1305695942588,65.59269714,18893.0512079539,29.275103729502298,0.28836375,2.9678599520017483,301.680129228236,7.1222559820276485,14.8841695785522,Lower middle income
Latvia,LVA,25.7542854181725,22.4062700990842,29.5395677827529,3.46583040049498,-0.0461080109713521,17.4901914812882,7.24,1.26579885828729,92.70757011,78505.0186313828,88.88169552269352,0.8236,2.785426538579276,28218.3820582126,42.52544933085052,82.917350769043,High income
Lebanon,LBN,7.29166684799988,1.89754409912655,106.567725062094,3.26435467389127,-0.760584470257314,2.89591276881506,5.0,45.2430422716718,80.63400269,39997.742091277,45.7258634085464,0.28836375,6.16602246203992,267.311429182623,0.0672147312702103,54.4012561547071,Lower middle income
Lesotho,LSO,0.379434958926989,28.346005761216,25.580568001763,-0.5534084172031,2.85452253179545,0.0895832496967832,2.95,6.10544624245032,51.79660034,8393.50049293144,29.275103729502298,0.09453,7.3465476741061,85.9921374950105,7.1222559820276485,9.93844298033582,Lower middle income
Liberia,LBR,0.274673226516174,19.542756224681025,14.787430409394,9.86626133953545,4.02185464964835,0.643718596498284,2.751764705882353,8.21497439118964,32.23360062,3659.7549566511,19.3294215119713,0.22201,16.2947039582308,13.0059469246904,0.307964508763167,11.333478859800682,Low income
Libya,LBY,4.51840823499527,14.2709346991037,13.041851907924,1.80500147243983,1.89995052025442,0.604680774692483,5.73,2.12615766885025,81.95449829,44389.9883542489,46.000353126090864,0.48109393939393935,4.600266996750749,388.564024255174,23.542281764170973,52.60999624279,Upper middle income
Liechtenstein,LIE,50.0050163029847,22.253515787122474,80.29858548433496,-1303.10826691135,2.827305978218717,18.72486896696065,7.4332355864194035,2.377927165352188,98.2641983,114650.04725444871,88.88169552269352,6.00984,2.785426538579276,60321.3844252163,42.52544933085052,46.0189590454102,High income
Lithuania,LTU,27.8460080234758,22.5009606900955,35.9687269117612,5.53816765536591,2.77263124530285,17.3245506640985,4.7,0.715735835228723,89.16116293,94075.1781412798,88.88169552269352,1.04977,2.785426538579276,98553.1863622546,42.52544933085052,75.6177368164062,High income
Luxembourg,LUX,40.3174570156723,15.375144986765,85.1436082593373,113.622225285264,0.35861253942069,5.0736120319212,3.25,2.05113269954859,99.12902211,263863.90523458,44.8777835338978,1.07045,2.785426538579276,58437.6643250046,0.0419383170304399,22.4103698730469,High income
"Macao SAR, China",MAC,29.8553859567768,13.7443404769091,129.630265117215,3.82364491952989,7.84960207010525,0.0,13.26,0.672498598854365,89.82640076,194417.398336886,88.88169552269352,0.31097,5.81027686117298,6586.60844250364,42.52544933085052,141.864795918367,High income
Madagascar,MDG,0.124487385085979,22.224338487768,16.6409451446495,3.47985819890072,4.19999999988647,0.958835172179217,2.71,7.61335784313723,18.67790031,3292.01563693259,19.3294215119713,0.01275,48.6639305526847,25.0586924005151,0.307964508763167,6.1466638463036,Low income
Malawi,MWI,0.0863853749149284,19.542756224681025,7.90723488945761,2.27963607830505,1.6734340852915,1.64552794448662,4.16,32.1796504225025,18.96159935,4613.04203780261,19.3294215119713,0.17752,9.92116725806342,32.4632055194284,0.307964508763167,2.70813684546823,Low income
Malaysia,MYS,13.5464432669708,20.5427183763046,116.107410807392,3.6930953933026,5.10545921024041,58.6276748543331,27.04,1.834100204499,98.0206059,68621.5768470984,106.45230746045,1.0121,4.45730372233753,7475.46106293289,39.2974342869274,38.5013945445142,Upper middle income
Maldives,MDV,19.6489572735075,34.8412362495067,35.7299049882319,11.416720004027,3.49440422654285,0.0022705678515537,5.53,1.39979779674928,85.23999786,47349.6305100758,46.000353126090864,0.48109393939393935,8.22832252053922,1330.05178107575,23.542281764170973,48.4968654322788,Upper middle income
Mali,MLI,0.774220028570636,20.7917259274175,13.230568218637636,3.43740692659041,4.99226917482922,5.3606547607953,4.83,3.2063986409966,36.80149841,8303.47010939001,19.3294215119713,0.14743,3.63675094593401,20.9979371773584,0.307964508763167,11.333478859800682,Low income
Malta,MLT,44.5068355303026,18.466838824221,61.9195849800298,170.537958922807,6.79990300224401,45.179167089137,9.41,1.65079469283109,93.86029816,115954.758657363,17.1704831811056,0.64792,2.785426538579276,4507.36313982494,0.213843143910554,80.5250091552734,High income
Marshall Islands,MHL,2.35047533498016,22.4527141282995,49.59704076030051,4.60476895318283,2.50192717852873,11.040490702600541,6.272045454545455,9.032601938825806,65.915802,47394.254131497,46.000353126090864,0.48109393939393935,4.600266996750749,213.060615745179,23.542281764170973,37.6853055916775,Upper middle income
Mauritania,MRT,0.946513083252489,25.7869093913102,22.7235411550392,13.2039338372346,6.30760213290844,9.44834081238425,0.88,2.49164347481972,45.77939987,30832.4327276596,29.275103729502298,0.01019,15.1756881068286,52.2304834511582,7.1222559820276485,5.97194330025359,Lower middle income
Mauritius,MUS,27.9742504733832,20.9758327852585,69.8658565887008,4.56073459342588,4.92512304864294,1.21703538647261,4.99,3.6045220384796,73.30793533,59341.5044969912,61.0858510449479,0.26181,5.43870243659645,2157.68607433582,1.69669530772237,45.7771156388358,Upper middle income
Mexico,MEX,21.7367225364543,24.1240412731899,34.5859040110101,2.44966474077028,1.42742769080466,19.3037596613987,12.97,4.72225588452932,83.12233799,48670.8873653426,32.0669850496152,0.25372,6.02283547069745,531.655697865752,6.45618389072324,48.203441619873,Upper middle income
"Micronesia, Fed. Sts.",FSM,5.81818506163369,23.3210119913399,23.4273633503821,3.1289453579279245,0.718990177344025,7.435629870116722,4.164651162790698,5.40874375479067,39.52360153,22120.343930822917,29.275103729502298,0.28836375,10.5665246982575,194.414987628137,7.1222559820276485,24.818969647118575,Lower middle income
Moldova,MDA,29.6324400873685,19.9854977022621,29.3436883615385,2.51844626798863,0.103059364371205,2.92514721596985,3.79,4.67773516007052,77.3687973,28703.5714946423,46.000353126090864,0.21589,2.19682416638786,13318.0369195265,23.542281764170973,74.7109378669046,Upper middle income
Monaco,MCO,55.6780823690818,22.253515787122474,80.29858548433496,-10.248023149210306,8.51053758860212,18.72486896696065,7.4332355864194035,2.377927165352188,99.04489899,114650.04725444871,88.88169552269352,1.6938194827586206,2.785426538579276,41495.1722709741,42.52544933085052,77.4806900024414,High income
Mongolia,MNG,15.7837343261767,27.166909098029,44.9058835509055,11.6924984371367,5.12204539122661,22.5365545669935,4.53,6.1977990165842,85.12349701,43424.4435624088,46.000353126090864,0.08365,1.38672967252835,2564.12584246201,23.542281764170973,69.044059753418,Upper middle income
Montenegro,MNE,32.305369479654,21.0603764351519,45.2736633073804,7.24824965709432,3.16409886329913,14.4622662813729,3.8,3.33675009282281,88.88258428,67917.7466225026,46.000353126090864,0.36328,1.68800748877397,6424.76243935688,23.542281764170973,55.1743011474609,Upper middle income
Morocco,MAR,7.30282126551091,26.4589344056453,77.7635533817471,1.02047789871899,3.79336515978963,5.43070567261144,3.64,0.985256592004507,91.2,31193.5036400988,46.3602385616424,0.28836375,2.9678599520017483,577.319401374532,3.74781317768861,48.1839617510572,Lower middle income
Mozambique,MOZ,0.141999688956087,19.542756224681025,17.6123342235306,15.4256916399298,2.14854964610538,3.6302648420799,1.89,4.07856834812022,20.52729988,3675.08169646447,19.3294215119713,0.22201,14.3334591039216,37.1624132595491,0.307964508763167,7.4630510423433,Low income
Myanmar,MMR,2.86965759378273,23.3210119913399,28.9828999467009,1.47879223317634,-0.97204641363362,5.19991999790977,0.78,8.82506696804558,45.4477005,13019.135214853,29.275103729502298,0.02307,9.00783472805541,23.596290875918,7.1222559820276485,20.3723297119141,Lower middle income
Namibia,NAM,2.83462992194067,23.6594562414878,57.4876997384481,14.4696554951116,3.71154502416731,0.117288080576373,2.46,4.23903922877036,64.87460327,34278.8604355409,18.5473694840126,0.64636,7.46387318950682,427.374262036856,0.168706266201919,26.1092654658031,Lower middle income
Nauru,NRU,9.95678332344717,22.253515787122474,80.29858548433496,-3.59566562291604,1.38888888888904,18.72486896696065,7.4332355864194035,2.377927165352188,83.01170349,114650.04725444871,88.88169552269352,1.6938194827586206,2.785426538579276,669.624173432661,42.52544933085052,70.22741877743557,High income
Nepal,NPL,10.0656152054494,24.3288506292299,92.1111096963721,0.132590416512966,3.66537430744967,0.617520704475872,4.81,4.6850965426577,46.32189941,20041.205361887,29.275103729502298,0.28836375,2.9678599520017483,541.228652445205,7.1222559820276485,21.2915596292014,Lower middle income
Netherlands,NLD,42.9782483069868,19.849010075201,82.3320940898509,-1.40403571808501,1.08100584845663,23.4680052763745,9.57,3.34754304219953,97.00679779,127705.092957771,129.693697691587,2.26719,2.785426538579276,198682.41199523,42.52544933085052,86.5938262939453,High income
New Caledonia,NCL,19.372882005273,22.1189475350042,80.29858548433496,8.48945728851914,-13.5,18.72486896696065,7.4332355864194035,0.578317435520754,82.0058408035186,114650.04725444871,88.88169552269352,1.6938194827586206,2.785426538579276,7541.71521909247,42.52544933085052,70.22741877743557,High income
New Zealand,NZL,38.048298946057,23.2066715516941,142.621045163241,0.676410624636643,1.28862004711685,12.9670750449435,6.92,2.92279782301957,93.51930237,89599.9705527978,35.6942993643067,1.54848,1.10541946348065,18718.2978723404,4.83548628547944,77.2406463623047,High income
Nicaragua,NIC,5.77624223916809,22.9144793545779,32.3372795696405,6.86656428120852,3.5878302292345,0.596452227371355,2.24,4.62473841057141,61.39550018,17139.9582422411,29.275103729502298,0.28836375,3.66069734938786,93.9830599149236,7.1222559820276485,30.3635101318359,Lower middle income
Niger,NER,0.111273829357144,22.0531389038293,13.230568218637636,1.80157547660986,10.3000000007793,8.61766309210248,1.29,9.07151997725013,15.55760002,4260.91571497409,19.3294215119713,0.22201,3.44059819209033,5.2159607511161,0.307964508763167,4.15170730347346,Low income
Nigeria,NGA,0.0787379280608494,23.3210119913399,9.56169176668424,0.428249682662515,4.06236408888319,2.71167186435579,2.76,33.2420966545406,41.21139908,16929.6571329692,21.5652638319989,0.28444,2.87664578502372,98.36277868906,0.611915680298695,24.818969647118575,Lower middle income
North Macedonia,MKD,29.8921727758887,23.4918705962856,53.9235256635379,6.23445070666485,2.99373536567732,6.3599119716616,3.81,3.48974086026954,93.1,63535.0796045526,46.000353126090864,0.37363,2.10174035882591,2068.12365329412,23.542281764170973,55.0082015991211,Upper middle income
Northern Mariana Islands,MNP,33.2862552985842,22.253515787122474,80.29858548433496,-10.248023149210306,16.6427546628408,18.72486896696065,7.4332355864194035,2.377927165352188,90.14943131255693,114650.04725444871,88.88169552269352,1.6938194827586206,2.785426538579276,1445.41307195447,42.52544933085052,70.22741877743557,High income
Norway,NOR,45.1633056345554,21.9878128147487,128.837899198054,2.50917917104619,2.09723059960317,25.4139359384172,5.98,3.14530134431081,99.0,171995.514832868,72.3067416526895,1.85142,6.39315170106353,35469.8678942673,24.8819795286934,95.4987564086914,High income
Oman,OMN,11.0647690464367,25.5360863533197,63.2077225508282,11.6351181523148,1.63163221127449,5.00539346096146,4.47,0.593589236248469,95.25174678,73788.9518355577,29.9188427252022,0.38979,-5.92398070330169,286.658923972525,3.04811030856739,42.226921081543,High income
Pakistan,PAK,1.46559368502535,11.4565315730663,11.4660816136427,0.7166886452434,3.04898287335465,2.43815248015808,5.53,12.6325318530452,57.253,17573.0295227702,14.0144844801801,0.16399,-1.45225942307802,109.651337877655,5.33731463614599,10.8564126844434,Lower middle income
Palau,PLW,7.33344615558188,35.2985485535988,80.29858548433496,28.8707822649542,2.21599800170485,51.6836869301107,3.12,2.23172772921704,83.92549896,114650.04725444871,88.88169552269352,1.6938194827586206,2.785426538579276,1469.3416219271,42.52544933085052,71.8428437792329,High income
Panama,PAN,18.1341265585334,31.3963315060588,100.153891512579,3.74510335231647,2.74788545546916,1.7673082163249,3.99,0.693225551004538,72.77149963,79813.3036916832,21.136342099364,0.19708,4.61035292217228,2234.48741988012,0.489101520834966,53.6949637061742,High income
Papua New Guinea,PNG,0.232591077844073,23.3210119913399,15.7829445389739,-0.6236311790975,3.79979560086888,10.2480784684723,4.164651162790698,0.602403921107917,18.81159973,12741.9733547895,7.39393327841189,0.03158,1.48721431368569,88.1198717685677,0.0039573139253384,24.818969647118575,Lower middle income
Paraguay,PRY,12.8835504093571,20.9667292353666,57.389211690179,2.46843780233781,4.24996010464072,10.5004049492786,13.59,3.83540271728533,81.57806793,34432.3910403788,46.000353126090864,0.14117,3.74521256188977,775.275131029723,23.542281764170973,52.60999624279,Upper middle income
Peru,PER,11.6788671222106,20.7786009172227,39.9652274988428,2.35092628744149,3.30394098171516,5.21372377596414,8.77,2.00770739412712,81.95705992,29844.4641940749,28.4196149643503,0.17611,7.73476381927593,826.790743824685,1.32239608643549,71.2404708862305,Upper middle income
Philippines,PHL,7.13893301204977,23.5705070697968,49.850790642457,2.03595540906242,5.69201612823412,60.975307025875,19.37,3.21260487006347,67.26300914,23954.4877697314,54.5534808934638,0.27625,6.35446159033897,131.556605552984,4.72643899714438,47.4134996154186,Lower middle income
Poland,POL,25.3612522999634,17.0407167835613,33.5857900188097,2.24523191798779,3.02841630700273,13.5099699026858,6.34,3.79060897630197,88.58496367,92967.9960366791,21.505147512711,1.55525,2.785426538579276,41131.8530670488,8.83830107406669,80.9149627685547,High income
Portugal,PRT,45.2439221846256,20.4404295779662,77.2131206543744,4.30503475485494,2.13967177177636,6.77343918950435,5.59,2.41613187791884,88.48704454,88558.8139089388,25.5825785281109,1.69491,2.785426538579276,28710.2532558007,42.52544933085052,77.6778182983398,High income
Puerto Rico (US),PRI,27.9891394865962,13.7477307166013,80.29858548433496,-10.248023149210306,3.17707554784896,18.72486896696065,7.4332355864194035,2.377927165352188,87.29178106,124397.516255043,88.88169552269352,1.6938194827586206,2.785426538579276,471.077437451125,42.52544933085052,77.9263575380698,High income
Qatar,QAT,11.8175200751339,22.253515787122474,119.382843164292,0.209965001654649,2.35970586926597,2.80655334313522,5.02,1.26734310292375,98.08540344,149894.681825155,77.6978558248679,0.68058,7.76605359681768,445.444117933167,13.3401844182152,43.0178909301758,High income
Romania,ROU,35.7995871488999,25.2916623299005,22.7281195412098,1.87134949618788,0.916003764382594,13.4497511493721,6.96,5.72140574354439,91.29048551,98712.9629943353,12.3936028960711,0.51656,-0.750528102539905,27229.5998846093,0.788191853344674,55.1682891845703,High income
Russian Federation,RUS,27.1333512124875,22.1329042728009,54.6422447762479,-0.430126781944773,4.34437475491529,9.72984772707015,9.99,8.43486410496723,94.36495368,85015.1788238707,31.4016892224808,0.93706,7.15331133214266,26130.0172319629,10.3514987870398,60.3891235376867,High income
Rwanda,RWA,0.595648307197658,29.1132831962602,22.6097052141568,4.02009319742237,8.89065529573114,4.78472979585672,4.03,1.77029240198635,31.70330048,9253.45364709056,19.3294215119713,0.78149,11.8102747315579,160.978445933022,0.307964508763167,9.41173924647801,Low income
Samoa,WSM,0.87753935919651,27.8166438870116,69.9439291757097,0.318181346491415,4.74838445564714,76.6700641079328,3.19,2.17245530514377,78.69512906817901,30471.4771347013,46.000353126090864,0.48109393939393935,0.0051328917502482,605.451818419496,23.542281764170973,16.0263900756836,Upper middle income
San Marino,SMR,35.7876210032268,16.8828853665725,80.29858548433496,-0.893347982047045,0.401934896977224,18.72486896696065,7.4332355864194035,1.24216507945569,97.35220337,114650.04725444871,88.88169552269352,1.6938194827586206,-1.60290148919748,36024.3694263767,42.52544933085052,57.5487465181059,High income
Sao Tome and Principe,STP,2.9940221452347,23.3210119913399,7.81631512865351,-2.02904327860989,1.09999940100751,29.2734328924522,3.37,14.3519273571008,59.11759949,41521.6191345379,29.275103729502298,0.28836375,0.116506527244828,42.4563548671965,7.1222559820276485,24.818969647118575,Lower middle income
Saudi Arabia,SAU,44.0705800179885,28.628276242255,50.1375935809361,1.72104243015611,1.99650173436159,0.544002126713625,7.45,1.68792112375809,100.0,131027.256392395,219.954139276148,0.63522,2.785426538579276,482.77237461006,38.2356708057421,83.884129573915,High income
Senegal,SEN,4.03828584004829,34.0006097744121,39.17558244359828,6.1461393599949,6.06055141198976,3.0439766592332,2.82,0.804503298792438,60.11780167,14316.850104239,29.275103729502298,0.28836375,4.29827404463135,59.615228291193,7.1222559820276485,15.3302400879779,Lower middle income
Serbia,SRB,33.3746847922718,23.7954199963938,32.6365244902661,6.20170332537196,3.94992622592932,11.040490702600541,3.5,4.6705297488997,87.69071294,57205.1215024938,46.000353126090864,0.93978,4.600266996750749,12941.8220001105,23.542281764170973,70.582649230957,Upper middle income
Seychelles,SYC,31.5968654633563,17.169290907803,24.5166106524244,10.4342001858715,3.46568066415341,0.0899054165105232,2.02,0.311726050919668,87.81800079,114650.04725444871,37.4236431471992,0.2017,10.6318504956247,139583.367668144,0.120891111687991,14.5342502593994,High income
Sierra Leone,SLE,0.0022731197902009,19.550924768647,3.96782641151883,1.7469962843978,4.29322336690163,0.736114020377876,2.16,28.6337500014115,25.10499954,9639.78291329458,19.3294215119713,0.22201,9.17059748907472,11.339938731931,0.307964508763167,11.333478859800682,Low income
Singapore,SGP,27.813655026664,21.8964992293927,129.190831594566,24.676735941018,4.38802362461865,59.429782938503,31.12,2.38951123595017,94.37757178,223022.289044422,116.486267026321,1.80821,-5.11973682102115,209665.455220098,30.3603661069438,97.2886546863037,High income
Sint Maarten (Dutch part),SXM,33.2862552985842,22.253515787122474,80.29858548433496,2.06435549473904,3.00000000000014,18.72486896696065,7.4332355864194035,2.19201010962985,90.14943131255693,114650.04725444871,88.88169552269352,1.6938194827586206,2.785426538579276,1222.60668973472,42.52544933085052,7.65284309533989,High income
Slovak Republic,SVK,33.8136036435218,20.4183967254733,59.6509018833935,3.55503662060591,1.93867445549446,10.5935553645599,10.67,2.75760909424272,89.82507032,83129.7786288092,88.88169552269352,1.03359,2.785426538579276,43287.3502716398,42.52544933085052,54.4743194580078,High income
Slovenia,SVN,34.2332575162942,20.9214124483696,35.4165073993057,2.5587649173879,1.73139722479493,8.34338034336379,3.26,1.96562656432512,90.76355487,102210.592847293,15.6772016903403,2.13385,2.785426538579276,68783.4915859735,0.58379914388778,80.0806884765625,High income
Solomon Islands,SLB,0.107033208461257,19.4606421723765,33.6944114849329,2.08128126058924,2.99755987604104,1.35922325473902,2.6,4.32183948388033,29.04070091,4495.07564756611,29.275103729502298,0.28836375,5.80449063618866,80.566602945808,7.1222559820276485,24.818969647118575,Lower middle income
"Somalia, Fed. Rep.",SOM,0.722963033976147,26.7485585359739,5.34625670691688,6.39257959388318,4.11139335779471,2.7044318859632672,2.751764705882353,18.61965671931187,27.94020081,9603.9202356103,19.3294215119713,0.22201,7.938927630126774,13.9932604038971,0.307964508763167,11.333478859800682,Low income
South Africa,ZAF,5.34791194620067,14.5217362279274,89.4476360173443,0.580891709673066,0.534843531905139,5.70923344153222,6.76,4.36115246518962,78.35759735,48752.0959349709,245.720967230413,0.61479,7.41753982186412,16658.2387068502,47.8699823701067,23.493768799339,Upper middle income
South Sudan,SSD,0.0017416484040317,19.542756224681025,6.74583971309722,3.7425430963412447,3.5201140866674123,2.7044318859632672,2.751764705882353,91.4408220769046,6.671000004,7662.032893999117,19.3294215119713,0.22201,-26.8865198404731,5.2748763167096,0.307964508763167,11.333478859800682,Low income
Spain,ESP,39.2337541858756,20.2878325064447,74.2192017963659,2.47896679493344,3.45525405630191,9.28447661569937,4.33,2.77417826534772,95.7574516,108590.270486656,43.6927754362693,1.49362,2.785426538579276,29986.3824811398,16.0073348577668,93.7689666748047,High income
Sri Lanka,LKA,8.4682688580745,18.7930222888714,47.0084929450456,0.769118881748846,5.00871930957159,1.53793971540437,3.01,-0.42936004906973,54.59,37900.0656636717,19.7056510454571,0.10506,7.09887513218267,448.71326884468,1.50947040791683,20.7412633848006,Lower middle income
St. Kitts and Nevis,KNA,46.7447387013209,22.253515787122474,64.3325248725437,3.74957950139418,0.312226855858171,34.6026368990477,5.51,3.55711230848243,76.88400269,114650.04725444871,88.88169552269352,1.6938194827586206,0.433661370692477,11720.0008539163,42.52544933085052,70.22741877743557,High income
St. Lucia,LCA,13.571912004072,22.565574471616195,50.7158185941966,7.32073642166254,3.89175024218898,9.33224017462958,4.59,-0.110283575834694,68.20500183,47999.6890766695,46.000353126090864,0.48109393939393935,5.27404188470773,734.377781734022,23.542281764170973,15.0396404266357,Upper middle income
St. Martin (French part),MAF,33.2862552985842,22.253515787122474,80.29858548433496,-10.248023149210306,4.89999967133534,18.72486896696065,7.4332355864194035,2.377927165352188,90.14943131255693,114650.04725444871,88.88169552269352,1.6938194827586206,2.785426538579276,2411.11408779517,42.52544933085052,70.22741877743557,High income
St. Vincent and the Grenadines,VCT,29.4605231772283,22.565574471616195,36.6622712404704,12.0060314102276,4.06183490050209,4.93442861881868,4.14,3.62770736940927,76.19010162,42666.2700857994,46.000353126090864,0.48109393939393935,3.26262786896019,268.346982587262,23.542281764170973,41.4983277591973,Upper middle income
Sudan,SDN,0.0604394040047428,2.88674000548273,5.63980468495649,1.37399372870934,-13.9643375197179,2.20240348221045,1.59,138.80846024176,18.60000038,15276.6478826748,19.3294215119713,0.22201,7.938927630126774,2.3984635719866,0.307964508763167,11.333478859800682,Low income
Suriname,SUR,18.7523938773484,22.565574471616195,17.0207142282833,-0.850285319023894,1.72095737011739,10.3729916697731,2.05,16.2296159130279,87.4,51861.8052786701,46.000353126090864,0.48109393939393935,1.75968116241683,2060.11370818891,23.542281764170973,2.56642457392281,Upper middle income
Sweden,SWE,40.6156538715616,25.0968871804526,125.520424248684,4.47808450970011,0.820071806703865,17.6524551082203,8.69,2.83581658224034,95.76629783,127938.952936147,88.88169552269352,3.59978,2.785426538579276,55097.2595366627,42.52544933085052,83.9988098144531,High income
Switzerland,CHE,47.0197818175134,25.0546188527537,170.385550398773,-11.5737467714118,1.30233332541106,29.6239015157944,3.7767842901,1.06234041976594,97.32103855,150728.771415984,210.494026368695,3.22178,1.66594698002375,167357.645513638,76.8072120948976,73.5430526733398,High income
Syrian Arab Republic,SYR,6.86124546257849,4.46598180138214,13.230568218637636,3.7425430963412447,0.732781301861365,2.7044318859632672,2.751764705882353,13.4175653228571,33.77000046,20211.1558248649,19.3294215119713,0.04217,7.938927630126774,113.89078481694,0.307964508763167,43.7606582641602,Low income
Tajikistan,TJK,0.983936262867068,28.3003294116229,12.2229106929242,2.05083616601343,8.39999980983981,15.2077910112936,1.35,6.00458082322139,55.79339981,20931.9737955804,29.275103729502298,0.08969,19.1889598699904,152.489012529309,7.1222559820276485,35.6398418742497,Lower middle income
Tanzania,TZA,0.246433216306666,41.3501218577049,16.7547897044923,2.17843632795407,5.5263138305945,3.00569275084221,2.42,3.05694676312373,31.16209984,7595.35845335691,9.2836009913928,0.28836375,9.63750201577468,52.4065310993964,0.0840135703685802,4.01880979537964,Lower middle income
Thailand,THA,14.8870491187484,22.2430564475903,147.091927028252,2.71636831286516,2.54182067735289,28.3057768762254,14.3,1.36580540798037,90.86718789,38288.9096486361,98.699823505114,0.93628,3.54888514574285,3149.99672587537,57.3371082489702,49.0776442074561,Upper middle income
Timor-Leste,TLS,0.0059972669597711,27.0079126873215,34.793207276323,12.0853687045097,-9.10069369772735,1.52605032155587,3.88,2.06284153005468,35.04199982,8920.75512804453,29.275103729502298,0.28836375,12.0828309223653,264.879290723228,7.1222559820276485,30.9611108169641,Lower middle income
Togo,TGO,1.41538265577438,27.0724521810265,13.230568218637636,0.786342441379874,6.53204505563791,0.681948279595617,2.48,2.86262074089801,39.48320007,8625.97746924105,19.3294215119713,0.22229,3.78210934053472,90.0660792858947,0.307964508763167,14.9029897765252,Low income
Tonga,TON,8.17387330781973,26.1576293364394,34.7987341488737,0.44357392332268,2.79014366862668,28.4602948799521,6.272045454545455,3.230563002681,67.4417038,21944.5166930593,46.000353126090864,0.48109393939393935,-0.452939458634175,969.522438204944,23.542281764170973,42.8611738148984,Upper middle income
Trinidad and Tobago,TTO,27.0294379426204,18.9857170569527,48.3766326687665,-1.76782828873977,2.50920813979569,0.223696636088891,2.98,0.526884625776839,82.15989685,69121.501784074,88.88169552269352,0.05039,7.63507008462009,480.146280181798,42.52544933085052,23.8493010569383,High income
Tunisia,TUN,14.9741523024679,15.2116354094814,60.6117249735149,1.4797736580075,1.61444564976986,7.70110744284105,5.22,7.20661657168794,76.5,43673.3131523889,16.1731937197344,0.74658,2.9678599520017483,912.34833868462,1.06969715643281,38.1219482421875,Lower middle income
Turkiye,TUR,23.4317347919186,31.3157272627937,42.9546658478032,0.860701598247461,3.3276230893799,5.13775956987065,2.97,58.5064507300342,89.77024003,93114.9478117046,27.8827608424366,1.42224,4.600266996750749,11103.4011629345,70.5741192993154,105.88606262207,Upper middle income
Turkmenistan,TKM,5.21710831232306,17.6375193145689,49.59704076030051,3.2007384018073,6.2994265836889,11.040490702600541,6.272045454545455,9.032601938825806,17.99029922,67321.3239452339,46.000353126090864,0.09,4.600266996750749,188.271449268517,23.542281764170973,20.4250351701637,Upper middle income
Turks and Caicos Islands,TCA,33.2862552985842,22.253515787122474,80.29858548433496,2.5209301366237,5.63682517443362,18.72486896696065,7.4332355864194035,2.377927165352188,90.14943131255693,114650.04725444871,88.88169552269352,1.6938194827586206,2.785426538579276,859.568067046309,42.52544933085052,25.2537080405933,High income
Tuvalu,TUV,4.52361889511609,22.565574471616195,49.59704076030051,0.267002517757908,3.85280919517032,11.040490702600541,6.272045454545455,9.032601938825806,35.20000076,47394.254131497,46.000353126090864,0.48109393939393935,4.600266996750749,311.009744972009,23.542281764170973,19.3509615384615,Upper middle income
Uganda,UGA,0.207613333991268,21.6442820900246,14.3001761811715,6.04170465829259,6.05558075875589,1.91593833437355,3.06,3.3233806708656,8.949831061,6557.70012726979,19.3294215119713,0.4383,14.7478688039364,53.7637719430767,0.307964508763167,11.333478859800682,Low income
Ukraine,UKR,21.6539327212609,18.8802112745848,18.1729591584823,2.1065185105382,2.9138222142611,6.37028789775054,4.73,6.50198464669254,82.47489929,40308.3359337474,3.37336946125581,0.36988,6.51047838569121,9936.86751062547,0.0008577942933693,87.1920013427734,Upper middle income
United Arab Emirates,ARE,40.840113505519,22.253515787122474,65.4574313053044,8.26261712974626,3.99180705485398,8.96029397394575,12.24,1.66336510224894,100.0,108203.155306846,190.859117789375,1.49469,2.785426538579276,4192.27408432243,21.8212381157092,63.7384451086316,High income
United Kingdom,GBR,42.1648283773461,18.6678876534931,112.661832187589,-0.351465690300773,1.1264226705118,29.233260009076,7.26,3.2715729463592,95.4720993,107932.043406526,97.3198877208869,2.67614,2.785426538579276,68449.1953890157,18.6160720572099,80.4146499633789,High income
United States,USA,38.8571729185246,21.6987566313724,201.218305876064,1.03321085618604,2.79300127716779,24.322982844202,12.98,2.94952520485207,94.69380188,153543.964207,216.290842771421,3.44716,-1.08716753956254,196554.134852003,148.169705648382,79.361930847168,High income
Uruguay,URY,33.0440254320868,16.2379503195638,31.0792040544242,-4.86239476784597,3.10825478066172,9.84178975855216,5.32,4.84914366613156,91.99109007,65702.2391963764,88.88169552269352,0.70196,5.39595354614294,4640.65897593684,42.52544933085052,79.9536903496537,High income
Uzbekistan,UZB,34.7381414135069,37.0559095195938,33.1994355366732,2.5972703195852,6.49999999997677,1.73386305963966,4.07,9.62825465956682,89.50550079,27508.0898469539,16.3523872580379,0.10416,8.59082214477278,966.617245834433,0.0088722428242766,59.8086982926392,Lower middle income
Vanuatu,VUT,1.15566375920214,37.8679068544477,56.333229902796,2.58164239501493,0.942185362275907,7.435629870116722,4.164651162790698,11.1825017088175,57.75338461469388,9276.37811248205,29.275103729502298,0.28836375,9.4050902793083,1918.98760437737,7.1222559820276485,24.818969647118575,Lower middle income
"Venezuela, RB",VEN,12.9446636524427,3.82359847041536,55.2254040946739,1.36272366359347,5.29999999999984,3.75062055802087,3.36,254.948534781816,76.67890167,7172.66580809974,56.16202608388347,0.27437,-89.4708018720893,246.677206628298,24.615273346692273,48.394340771260765,Middle income
Viet Nam,VNM,23.711259212336,29.0216638418898,124.961478822546,4.23394171325231,7.09118746633975,44.256885251682,29.42,3.62109273885843,84.15,26090.7424814589,42.9514977454551,0.41456,7.08136836215213,5733.7485681175,33.671453196182,37.5923642016718,Lower middle income
Virgin Islands (U.S.),VIR,10.0662374143133,22.253515787122474,80.29858548433496,-10.248023149210306,-1.31123206333498,18.72486896696065,7.4332355864194035,2.377927165352188,64.3774942980087,116146.463492296,88.88169552269352,1.6938194827586206,2.785426538579276,5614.26367877981,42.52544933085052,70.22741877743557,High income
West Bank and Gaza,PSE,8.16158042217888,21.847991773089,68.4843025256061,1.18281329825606,-26.5575264529877,1.84344953927492,4.02,53.6691458303782,86.63765334,27595.5393534341,29.7573498844002,0.28836375,-3.1194174840674,427.100601381847,1.19749691855504,44.4904623709098,Lower middle income
"Yemen, Rep.",YEM,1.27124133725573,6.17671078391039,13.230568218637636,-1.30563839823089,0.752447592962554,2.7044318859632672,2.34,18.61965671931187,17.49099922,7662.032893999117,19.3294215119713,0.22201,7.938927630126774,15.0062227775045,0.307964508763167,11.333478859800682,Low income
Zambia,ZMB,0.789797548725881,21.6032158081555,17.0073799722572,9.32437789659637,3.82004825518591,1.4719428559393,2.49,14.9856262747939,17.10099983,10873.5656933431,30.6883496878705,0.28836375,-3.89303245264567,80.5068516209933,0.156857721520642,24.818969647118575,Lower middle income
Zimbabwe,ZWE,1.93865437549104,7.92626050746844,6.47769726494533,1.12046122708248,1.74239524880791,2.79801736625087,2.3,104.705170628667,41.64279938,14380.9240049532,29.275103729502298,0.28836375,-85.8938147855464,89.9943749006951,7.1222559820276485,7.74912957845971,Lower middle income
